{
  "split_info": {
    "description": "Training: 70% SE triples (N=302556), Evaluation: 20% held-out test (N=87509)",
    "train_se_associations": 302556,
    "test_se_pairs": 87509,
    "full_se_associations": 428103,
    "train_test_overlap": 0
  },
  "cv_folds": 10,
  "global_metrics": {
    "baseline": {
      "MR": 33.185706613034085,
      "MRR": 0.33956472357472284,
      "Hits@1": 0.18849688826608416,
      "Hits@3": 0.39966203684622675,
      "Hits@5": 0.518835263570045,
      "Hits@10": 0.6740716317025924
    },
    "xgboost": {
      "MR": 6.23819264304243,
      "MRR": 0.42217889028047684,
      "Hits@1": 0.19105221942875983,
      "Hits@3": 0.5500350327659399,
      "Hits@5": 0.7745126324032477,
      "Hits@10": 0.9567654453282777
    },
    "kge_se": {
      "MR": 30.272360557199832,
      "MRR": 0.3383984057692979,
      "Hits@1": 0.1852409017846103,
      "Hits@3": 0.38599925812966246,
      "Hits@5": 0.5168157276511561,
      "Hits@10": 0.6964926019041339
    }
  },
  "stratified_comparison": [
    {
      "Stratum": "Rare (1-10)",
      "N Labels": 5,
      "N Test Positives": 8,
      "Baseline MRR": 0.003644670414743407,
      "XGBoost MRR": 0.01885311309564027,
      "KGE_SE MRR": 0.004284620808488351,
      "Baseline MR": 274.375,
      "XGBoost MR": 122.25,
      "KGE_SE MR": 248.375
    },
    {
      "Stratum": "Uncommon (11-50)",
      "N Labels": 20,
      "N Test Positives": 197,
      "Baseline MRR": 0.0038462628216464974,
      "XGBoost MRR": 0.20191712912982518,
      "KGE_SE MRR": 0.007651680146068359,
      "Baseline MR": 260.11167512690355,
      "XGBoost MR": 15.253807106598984,
      "KGE_SE MR": 159.27918781725887
    },
    {
      "Stratum": "Moderate (51-200)",
      "N Labels": 97,
      "N Test Positives": 3327,
      "Baseline MRR": 0.005250337650358333,
      "XGBoost MRR": 0.23234628997903267,
      "KGE_SE MRR": 0.010333122353661638,
      "Baseline MR": 193.90381725278027,
      "XGBoost MR": 12.738202584911331,
      "KGE_SE MR": 138.84220018034264
    },
    {
      "Stratum": "Common (>200)",
      "N Labels": 155,
      "N Test Positives": 83977,
      "Baseline MRR": 0.23615781061495017,
      "XGBoost MRR": 0.3131659254489471,
      "KGE_SE MRR": 0.23463138678122752,
      "Baseline MR": 26.26306012360527,
      "XGBoost MR": 5.948473986924991,
      "KGE_SE MR": 25.64762970813437
    }
  ],
  "label_distribution": {
    "Rare (1-10)": 5,
    "Uncommon (11-50)": 20,
    "Moderate (51-200)": 97,
    "Common (>200)": 155
  }
}